{
   "metadata" : {
      "creator" : "Rapid API C++",
      "inputNames" : [
         "inputs-1",
         "inputs-2",
         "inputs-3",
         "inputs-4",
         "inputs-5",
         "inputs-6",
         "inputs-1",
         "inputs-2",
         "inputs-3",
         "inputs-4",
         "inputs-5",
         "inputs-6"
      ],
      "numInputs" : 6,
      "numOutputs" : 1,
      "version" : "v0.1.1"
   },
   "modelSet" : [
      {
         "inBases" : [
            -28.087329864501953,
            3.2984490394592285,
            13.232045650482178,
            -28.146007537841797,
            3.3300371170043945,
            13.259109973907471
         ],
         "inRanges" : [
            0.00713348388671875,
            0.72701120376586914,
            0.0066304206848144531,
            0.037548065185546875,
            0.69849395751953125,
            0.0022740364074707031
         ],
         "inputNames" : [
            "inputs-1",
            "inputs-2",
            "inputs-3",
            "inputs-4",
            "inputs-5",
            "inputs-6",
            "inputs-1",
            "inputs-2",
            "inputs-3",
            "inputs-4",
            "inputs-5",
            "inputs-6"
         ],
         "modelType" : "Neural Network",
         "nodes" : [
            {
               "Node 1" : -1.3917566636950645,
               "Node 2" : -0.30440246161159212,
               "Node 3" : 0.77387738070136214,
               "Node 4" : -0.29317966412150481,
               "Node 5" : -0.079768612756952753,
               "Node 6" : 0.02969321286254992,
               "Threshold" : 0.68719996714429621,
               "name" : "Linear Node 0"
            },
            {
               "Attrib inputs-1" : -0.068276090195734968,
               "Attrib inputs-2" : -0.25995246909335268,
               "Attrib inputs-3" : 0.96418370446485246,
               "Attrib inputs-4" : -0.85596110344350029,
               "Attrib inputs-5" : -0.78613813832747403,
               "Attrib inputs-6" : -0.21342121085577903,
               "Threshold" : -0.23165216689834423,
               "name" : "Sigmoid Node 1"
            },
            {
               "Attrib inputs-1" : 0.54103281722424335,
               "Attrib inputs-2" : 0.1256100871325205,
               "Attrib inputs-3" : 0.74167539867260202,
               "Attrib inputs-4" : -0.1346445935166572,
               "Attrib inputs-5" : 0.11065406173795792,
               "Attrib inputs-6" : -0.49159586263806104,
               "Threshold" : 0.12587082180063255,
               "name" : "Sigmoid Node 2"
            },
            {
               "Attrib inputs-1" : -0.39379317883408638,
               "Attrib inputs-2" : -0.1851147618724065,
               "Attrib inputs-3" : -0.66668555665638807,
               "Attrib inputs-4" : 0.45273810621595706,
               "Attrib inputs-5" : 0.68820357222987572,
               "Attrib inputs-6" : 0.18924871739508942,
               "Threshold" : 0.093222127715175143,
               "name" : "Sigmoid Node 3"
            },
            {
               "Attrib inputs-1" : -0.15041929110956773,
               "Attrib inputs-2" : -0.44105096835200008,
               "Attrib inputs-3" : 0.28188975452551501,
               "Attrib inputs-4" : -0.25374687912079225,
               "Attrib inputs-5" : 0.087918979295212071,
               "Attrib inputs-6" : -0.061549098084622174,
               "Threshold" : -0.18719209343405735,
               "name" : "Sigmoid Node 4"
            },
            {
               "Attrib inputs-1" : -0.4260282243372755,
               "Attrib inputs-2" : -0.20892026443705963,
               "Attrib inputs-3" : 0.2767154516276068,
               "Attrib inputs-4" : -0.19198829609925208,
               "Attrib inputs-5" : 0.36165116167446759,
               "Attrib inputs-6" : -0.28309908942988149,
               "Threshold" : 0.29099857157917108,
               "name" : "Sigmoid Node 5"
            },
            {
               "Attrib inputs-1" : 0.17644122114178168,
               "Attrib inputs-2" : -0.24638388412646806,
               "Attrib inputs-3" : 0.13381184927648632,
               "Attrib inputs-4" : 0.11553572069519696,
               "Attrib inputs-5" : 0.29191855134132944,
               "Attrib inputs-6" : -0.27277162905063768,
               "Threshold" : -0.45336751644251894,
               "name" : "Sigmoid Node 6"
            }
         ],
         "numHiddenLayers" : 1,
         "numHiddenNodes" : 6,
         "numHiddenOutputs" : 1,
         "numInputs" : 6,
         "outBase" : 0.5,
         "outRange" : 0.5,
         "whichInputs" : [ 0, 1, 2, 3, 4, 5 ]
      },
      {
         "inBases" : [
            -28.087329864501953,
            3.2984490394592285,
            13.232045650482178,
            -28.146007537841797,
            3.3300371170043945,
            13.259109973907471
         ],
         "inRanges" : [
            0.00713348388671875,
            0.72701120376586914,
            0.0066304206848144531,
            0.037548065185546875,
            0.69849395751953125,
            0.0022740364074707031
         ],
         "inputNames" : [
            "inputs-1",
            "inputs-2",
            "inputs-3",
            "inputs-4",
            "inputs-5",
            "inputs-6",
            "inputs-1",
            "inputs-2",
            "inputs-3",
            "inputs-4",
            "inputs-5",
            "inputs-6"
         ],
         "modelType" : "Neural Network",
         "nodes" : [
            {
               "Node 1" : -1.3917566636950645,
               "Node 2" : -0.30440246161159212,
               "Node 3" : 0.77387738070136214,
               "Node 4" : -0.29317966412150481,
               "Node 5" : -0.079768612756952753,
               "Node 6" : 0.02969321286254992,
               "Threshold" : 0.68719996714429621,
               "name" : "Linear Node 0"
            },
            {
               "Attrib inputs-1" : -0.068276090195734968,
               "Attrib inputs-2" : -0.25995246909335268,
               "Attrib inputs-3" : 0.96418370446485246,
               "Attrib inputs-4" : -0.85596110344350029,
               "Attrib inputs-5" : -0.78613813832747403,
               "Attrib inputs-6" : -0.21342121085577903,
               "Threshold" : -0.23165216689834423,
               "name" : "Sigmoid Node 1"
            },
            {
               "Attrib inputs-1" : 0.54103281722424335,
               "Attrib inputs-2" : 0.1256100871325205,
               "Attrib inputs-3" : 0.74167539867260202,
               "Attrib inputs-4" : -0.1346445935166572,
               "Attrib inputs-5" : 0.11065406173795792,
               "Attrib inputs-6" : -0.49159586263806104,
               "Threshold" : 0.12587082180063255,
               "name" : "Sigmoid Node 2"
            },
            {
               "Attrib inputs-1" : -0.39379317883408638,
               "Attrib inputs-2" : -0.1851147618724065,
               "Attrib inputs-3" : -0.66668555665638807,
               "Attrib inputs-4" : 0.45273810621595706,
               "Attrib inputs-5" : 0.68820357222987572,
               "Attrib inputs-6" : 0.18924871739508942,
               "Threshold" : 0.093222127715175143,
               "name" : "Sigmoid Node 3"
            },
            {
               "Attrib inputs-1" : -0.15041929110956773,
               "Attrib inputs-2" : -0.44105096835200008,
               "Attrib inputs-3" : 0.28188975452551501,
               "Attrib inputs-4" : -0.25374687912079225,
               "Attrib inputs-5" : 0.087918979295212071,
               "Attrib inputs-6" : -0.061549098084622174,
               "Threshold" : -0.18719209343405735,
               "name" : "Sigmoid Node 4"
            },
            {
               "Attrib inputs-1" : -0.4260282243372755,
               "Attrib inputs-2" : -0.20892026443705963,
               "Attrib inputs-3" : 0.2767154516276068,