{
   "metadata" : {
      "creator" : "Rapid API C++",
      "inputNames" : [
         "inputs-1",
         "inputs-2",
         "inputs-3",
         "inputs-4",
         "inputs-5",
         "inputs-6",
         "inputs-7",
         "inputs-8",
         "inputs-9",
         "inputs-10",
         "inputs-11",
         "inputs-12",
         "inputs-1",
         "inputs-2",
         "inputs-3",
         "inputs-4",
         "inputs-5",
         "inputs-6",
         "inputs-7",
         "inputs-8",
         "inputs-9",
         "inputs-10",
         "inputs-11",
         "inputs-12"
      ],
      "numInputs" : 12,
      "numOutputs" : 1,
      "version" : "v0.1.1"
   },
   "modelSet" : [
      {
         "examples" : [
            {
               "class" : 0,
               "features" : [
                  76.708328247070313,
                  155.61384582519531,
                  166.28179931640625,
                  88.09033203125,
                  31.028566360473633,
                  25.166160583496094,
                  62.323177337646484,
                  0.61748206615447998,
                  50.023159027099609,
                  62.742679595947266,
                  0.65281182527542114,
                  50.0526123046875
               ]
            },
            {
               "class" : 0,
               "features" : [
                  79.791702270507813,
                  177.77919006347656,
                  190.87147521972656,
                  88.284111022949219,
                  27.839883804321289,
                  22.526308059692383,
                  62.313270568847656,
                  0.61727273464202881,
                  50.027351379394531,
                  62.743293762207031,
                  0.6491430401802063,
                  50.053600311279297
               ]
            },
            {
               "class" : 0,
               "features" : [
                  80.324783325195313,
                  166.03291320800781,
                  174.52522277832031,
                  88.016822814941406,
                  27.797183990478516,
                  22.429458618164063,
                  62.3223876953125,
                  0.61815416812896729,
                  50.027370452880859,
                  62.744014739990234,
                  0.64700216054916382,
                  50.055530548095703
               ]
            },
            {
               "class" : 0,
               "features" : [
                  82.466079711914063,
                  182.30622863769531,
                  185.22845458984375,
                  87.783706665039063,
                  23.337991714477539,
                  18.307231903076172,
                  62.325405120849609,
                  0.62178468704223633,
                  50.026836395263672,
                  62.743881225585938,
                  0.64603346586227417,
                  50.058258056640625
               ]
            },
            {
               "class" : 0,
               "features" : [
                  77.49853515625,
                  181.02503967285156,
                  194.24772644042969,
                  87.835540771484375,
                  17.999631881713867,
                  13.57411003112793,
                  62.317855834960938,
                  0.61867618560791016,
                  50.027259826660156,
                  62.744167327880859,
                  0.64538377523422241,
                  50.060066223144531
               ]
            },
            {
               "class" : 1,
               "features" : [
                  24.937154769897461,
                  251.584716796875,
                  11.854631423950195,
                  18.850000381469727,
                  115.59944915771484,
                  355.97039794921875,
                  61.745918273925781,
                  1.4235843420028687,
                  49.871334075927734,
                  63.383834838867188,
                  1.4376441240310669,
                  49.909084320068359
               ]
            },
            {
               "class" : 1,
               "features" : [
                  25.653842926025391,
                  251.69622802734375,
                  10.512173652648926,
                  18.980859756469727,
                  115.2034912109375,
                  356.2413330078125,
                  61.746494293212891,
                  1.4215587377548218,
                  49.878517150878906,
                  63.382236480712891,
                  1.4368245601654053,
                  49.913799285888672
               ]
            },
            {
               "class" : 1,
               "features" : [
                  26.246234893798828,
                  250.67428588867188,
                  10.336048126220703,
                  19.078485488891602,
                  114.7276611328125,
                  356.63204956054688,
                  61.755138397216797,
                  1.419195294380188,
                  49.88336181640625,
                  63.385890960693359,
                  1.4365206956863403,
                  49.916336059570313
               ]
            },
            {
               "class" : 1,
               "features" : [
                  26.741798400878906,
                  250.0045166015625,
                  10.403392791748047,
                  18.979379653930664,
                  114.59117126464844,
                  356.87548828125,
                  61.754398345947266,
                  1.4182454347610474,
                  49.883014678955078,
                  63.384143829345703,
                  1.4372954368591309,
                  49.920650482177734
               ]
            },
            {
               "class" : 2,
               "features" : [
                  24.112941741943359,
                  252.09075927734375,
                  134.14599609375,
                  340.01217651367188,
                  113.86826324462891,
                  245.84814453125,
                  61.940921783447266,
                  0.90435332059860229,
                  49.975700378417969,
                  63.254894256591797,
                  1.6781814098358154,
                  49.974258422851563
               ]
            },
            {
               "class" : 2,
               "features" : [
                  25.337825775146484,
                  251.82669067382813,
                  133.23504638671875,
                  340.24874877929688,
                  113.75556182861328,
                  246.02151489257813,
                  61.940456390380859,
                  0.905692458152771,
                  49.975509643554688,
                  63.255714416503906,
                  1.6768008470535278,
                  49.976215362548828
               ]
            },
            {
               "class" : 2,
               "features" : [
                  26.213890075683594,
                  250.9520263671875,
                  130.5601806640625,
                  340.42819213867188,
                  113.48381805419922,
                  246.34634399414063,
                  61.940223693847656,
                  0.9076005220413208,
                  49.975498199462891,
                  63.256729125976563,
                  1.6761441230773926,
                  49.978439331054688
               ]
            },
            {
               "class" : 2,