{
   "metadata" : {
      "creator" : "Rapid API C++",
      "inputNames" : [
         "inputs-1",
         "inputs-2",
         "inputs-3",
         "inputs-4",
         "inputs-5",
         "inputs-6",
         "inputs-7",
         "inputs-8",
         "inputs-9",
         "inputs-10",
         "inputs-11",
         "inputs-12",
         "inputs-13",
         "inputs-14",
         "inputs-15",
         "inputs-16",
         "inputs-17",
         "inputs-18",
         "inputs-19",
         "inputs-20",
         "inputs-21",
         "inputs-22",
         "inputs-23",
         "inputs-24",
         "inputs-25",
         "inputs-26",
         "inputs-27",
         "inputs-28",
         "inputs-29",
         "inputs-30",
         "inputs-31",
         "inputs-32",
         "inputs-33",
         "inputs-34",
         "inputs-35",
         "inputs-36",
         "inputs-37",
         "inputs-38",
         "inputs-39",
         "inputs-40",
         "inputs-41",
         "inputs-42",
         "inputs-43",
         "inputs-44",
         "inputs-45",
         "inputs-46",
         "inputs-47",
         "inputs-48",
         "inputs-49",
         "inputs-50",
         "inputs-51",
         "inputs-52",
         "inputs-53",
         "inputs-54",
         "inputs-55",
         "inputs-56",
         "inputs-57"
      ],
      "numInputs" : 57,
      "numOutputs" : 1,
      "version" : "v0.1.1"
   },
   "modelSet" : [
      {
         "examples" : [
            {
               "class" : 0,
               "features" : [
                  0,
                  0,
                  0,
                  0,
                  0,
                  0,
                  26.299884796142578,
                  51.492835998535156,
                  357.17227172851563,
                  29.089372634887695,
                  2.2350971698760986,
                  13.805842399597168,
                  351.8017578125,
                  352.22683715820313,
                  18.270084381103516,
                  10.757622718811035,
                  6.6381211280822754,
                  341.85220336914063,
                  2.738666296005249,
                  10.650718688964844,
                  2.5883920192718506,
                  357.04302978515625,
                  359.17434692382813,
                  1.2915576696395874,
                  358.08245849609375,
                  357.01763916015625,
                  358.44149780273438,
                  358.80242919921875,
                  3.3623981475830078,
                  354.38687133789063,
                  358.71243286132813,
                  359.50070190429688,
                  359.78314208984375,
                  356.05343627929688,
                  359.83856201171875,
                  349.38238525390625,
                  353.92587280273438,
                  356.79931640625,
                  348.95974731445313,
                  356.12921142578125,
                  359.65771484375,
                  1.5838290452957153,
                  359.47354125976563,
                  3.3571999073028564,
                  359.90219116210938,
                  337.37277221679688,
                  342.91281127929688,
                  5.5412554740905762,
                  11.255316734313965,
                  5.4810657501220703,
                  337.35482788085938,
                  355.593994140625,
                  355.13406372070313,
                  359.5616455078125,
                  359.37985229492188,
                  5.4783391952514648,
                  15.732226371765137
               ]
            },
            {
               "class" : 1,
               "features" : [
                  0,
                  0,
                  0,
                  0,
                  0,
                  0,
                  38.042842864990234,
                  51.308734893798828,
                  23.746490478515625,
                  27.432704925537109,
                  11.114874839782715,
                  18.059669494628906,
                  353.47003173828125,
                  353.6502685546875,
                  41.451541900634766,
                  5.9876060485839844,
                  5.2454686164855957,
                  39.483779907226563,
                  4.389613151550293,
                  357.10787963867188,
                  53.036022186279297,
                  357.724853515625,
                  0.071508489549160004,
                  77.988273620605469,
                  359.19747924804688,
                  358.26422119140625,
                  61.963264465332031,
                  358.87942504882813,
                  349.4725341796875,
                  59.442420959472656,
                  358.80661010742188,
                  359.76419067382813,
                  76.172470092773438,
                  350.92718505859375,
                  357.65634155273438,
                  58.37420654296875,
                  354.560546875,
                  350.91131591796875,
                  64.951591491699219,
                  355.69940185546875,
                  359.42758178710938,
                  72.853485107421875,
                  356.0865478515625,
                  0.95303773880004883,
                  57.441200256347656,
                  337.37277221679688,
                  342.91281127929688,
                  5.5412554740905762,
                  6.277958869934082,
                  357.83499145507813,
                  67.263725280761719,
                  353.38555908203125,
                  354.92953491210938,
                  67.774490356445313,
                  358.29132080078125,
                  4.0256757736206055,
                  52.257869720458984
               ]
            }
         ],
         "inputNames" : [
            "inputs-1",
            "inputs-2",
            "inputs-3",
            "inputs-4",
            "inputs-5",
            "inputs-6",
            "inputs-7",
            "inputs-8",
            "inputs-9",
            "inputs-10",
            "inputs-11",
            "inputs-12",
            "inputs-13",
            "inputs-14",
            "inputs-15",
            "inputs-16",
            "inputs-17",
            "inputs-18",
            "inputs-19",
            "inputs-20",
            "inputs-21",
            "inputs-22",
            "inputs-23",
            "inputs-24",
            "inputs-25",
            "inputs-26",
            "inputs-27",
            "inputs-28",
            "inputs-29",
            "inputs-30",
            "inputs-31",
            "inputs-32",
            "inputs-33",
            "inputs-34",
            "inputs-35",
            "inputs-36",
            "inputs-37",
            "inputs-38",
            "inputs-39",
            "inputs-40",
            "inputs-41",
            "inputs-42",
            "inputs-43",
            "inputs-44",
            "inputs-45",
            "inputs-46",
            "inputs-47",
            "inputs-48",
            "inputs-49",
            "inputs-50",
            "inputs-51",
            "inputs-52",
            "inputs-53",
            "inputs-54",
            "inputs-55",
            "inputs-56",
            "inputs-57"
         ],
         "k" : 1,
         "modelType" : "kNN Classificiation",
         "numInputs" : 57,