{
   "metadata" : {
      "creator" : "Rapid API C++",
      "inputNames" : [
         "inputs-1",
         "inputs-2",
         "inputs-3",
         "inputs-4",
         "inputs-5",
         "inputs-6",
         "inputs-7"
      ],
      "numInputs" : 7,
      "numOutputs" : 1,
      "version" : "v0.1.1"
   },
   "modelSet" : [
      {
         "inBases" : [
            -28.223018646240234,
            3.4447813034057617,
            11.931159496307373,
            -0.093875374644994736,
            -0.49090792238712311,
            0.074371509253978729,
            0.74013438820838928
         ],
         "inRanges" : [
            0.1703643798828125,
            0.18443489074707031,
            0.33715009689331055,
            0.19120553508400917,
            0.33097653090953827,
            0.2826194241642952,
            0.22353002429008484
         ],
         "inputNames" : [
            "inputs-1",
            "inputs-2",
            "inputs-3",
            "inputs-4",
            "inputs-5",
            "inputs-6",
            "inputs-7"
         ],
         "modelType" : "Neural Network",
         "nodes" : [
            {
               "Node 1" : -0.55180652080435577,
               "Node 2" : 0.3369916406954126,
               "Node 3" : -0.24554317090244196,
               "Node 4" : -0.88217902763181177,
               "Node 5" : 0.15993049211237431,
               "Node 6" : 0.69454002277453653,
               "Node 7" : 0.69939743567633228,
               "Threshold" : -0.029519654067898519,
               "name" : "Linear Node 0"
            },
            {
               "Attrib inputs-1" : -0.76024969830954747,
               "Attrib inputs-2" : 0.3570700477630846,
               "Attrib inputs-3" : 0.98168319051217989,
               "Attrib inputs-4" : -0.10371666122545536,
               "Attrib inputs-5" : -0.19586747851603917,
               "Attrib inputs-6" : 0.16582609498254477,
               "Attrib inputs-7" : -0.60764244527073386,
               "Threshold" : 0.36564841756435146,
               "name" : "Sigmoid Node 1"
            },
            {
               "Attrib inputs-1" : 0.63439408392141261,
               "Attrib inputs-2" : 0.3661331270780836,
               "Attrib inputs-3" : -0.08585386079717601,
               "Attrib inputs-4" : 0.48362337012866918,
               "Attrib inputs-5" : -0.40222474646044415,
               "Attrib inputs-6" : 0.35106870476370877,
               "Attrib inputs-7" : -0.069077563541652759,
               "Threshold" : -0.75762318755246094,
               "name" : "Sigmoid Node 2"
            },
            {
               "Attrib inputs-1" : -0.20711199184573795,
               "Attrib inputs-2" : 0.12483666300902402,
               "Attrib inputs-3" : 0.30837638932020928,
               "Attrib inputs-4" : 0.00619122891092548,
               "Attrib inputs-5" : 0.46799152956041967,
               "Attrib inputs-6" : -0.080608739191427053,
               "Attrib inputs-7" : -0.32334531293659885,
               "Threshold" : 0.05786939202501068,
               "name" : "Sigmoid Node 3"
            },
            {
               "Attrib inputs-1" : -1.0099175371826175,
               "Attrib inputs-2" : 0.34110545208029514,
               "Attrib inputs-3" : 1.0696432112589025,
               "Attrib inputs-4" : -0.1201739958093672,
               "Attrib inputs-5" : -0.77298044771116703,
               "Attrib inputs-6" : 0.033374953387246616,
               "Attrib inputs-7" : -0.44863078930574862,
               "Threshold" : -0.013916440382305648,
               "name" : "Sigmoid Node 4"
            },
            {
               "Attrib inputs-1" : 0.40812386431985787,
               "Attrib inputs-2" : -0.15213814284727137,
               "Attrib inputs-3" : 0.34772596785212467,
               "Attrib inputs-4" : 0.37439320887909588,
               "Attrib inputs-5" : -0.36299250052043464,
               "Attrib inputs-6" : 0.28370608083136845,
               "Attrib inputs-7" : 0.103721562278435,
               "Threshold" : -0.091551776276186186,
               "name" : "Sigmoid Node 5"
            },
            {
               "Attrib inputs-1" : -0.4314106328706338,
               "Attrib inputs-2" : -0.030508635315328499,
               "Attrib inputs-3" : -0.74694931003297571,
               "Attrib inputs-4" : -0.33774469588000317,
               "Attrib inputs-5" : -0.072580902038342554,
               "Attrib inputs-6" : -0.061082219289980852,
               "Attrib inputs-7" : 0.33165919829465296,
               "Threshold" : -0.22183839317997267,
               "name" : "Sigmoid Node 6"
            },
            {
               "Attrib inputs-1" : 0.92575587903622758,
               "Attrib inputs-2" : -0.17463358507360718,
               "Attrib inputs-3" : -0.60289749587186503,
               "Attrib inputs-4" : -0.2973001273100791,
               "Attrib inputs-5" : 0.508287764524184,
               "Attrib inputs-6" : 0.1432038261223669,
               "Attrib inputs-7" : 0.50432429836778103,
               "Threshold" : -0.26122335909658745,
               "name" : "Sigmoid Node 7"
            }
         ],
         "numHiddenLayers" : 1,
         "numHiddenNodes" : 7,
         "numHiddenOutputs" : 1,
         "numInputs" : 7,
         "outBase" : 0.5,
         "outRange" : 0.5,
         "whichInputs" : [ 0, 1, 2, 3, 4, 5, 6 ]
      }
   ]
}
