{
   "metadata" : {
      "creator" : "Rapid API C++",
      "inputNames" : [ "inputs-1", "inputs-2", "inputs-3" ],
      "numInputs" : 3,
      "numOutputs" : 1,
      "version" : "v0.1.1"
   },
   "modelSet" : [
      {
         "inBases" : [ -0.42661285400390625, 0.8380466103553772, -1 ],
         "inRanges" : [ 8.2762918472290039, 0.92341846227645874, 1 ],
         "inputNames" : [ "inputs-1", "inputs-2", "inputs-3" ],
         "modelType" : "Neural Network",
         "nodes" : [
            {
               "Node 1" : -1.9207183795382832,
               "Node 2" : 0.034400709319094648,
               "Node 3" : 3.6941671662916717,
               "Threshold" : -0.35273931918163415,
               "name" : "Linear Node 0"
            },
            {
               "Attrib inputs-1" : 1.4311956507596444,
               "Attrib inputs-2" : 0.022665395092205352,
               "Attrib inputs-3" : 0.46886777112423139,
               "Threshold" : 0.37338905100598674,
               "name" : "Sigmoid Node 1"
            },
            {
               "Attrib inputs-1" : 0.96976346934931601,
               "Attrib inputs-2" : -1.2838064617697662,
               "Attrib inputs-3" : -0.3116180239528189,
               "Threshold" : -1.4095253773430878,
               "name" : "Sigmoid Node 2"
            },
            {
               "Attrib inputs-1" : 3.0845177843069775,
               "Attrib inputs-2" : 2.8935955714462365,
               "Attrib inputs-3" : 0.22583896321188968,
               "Threshold" : -4.5682367330083453,
               "name" : "Sigmoid Node 3"
            }
         ],
         "numHiddenLayers" : 1,
         "numHiddenNodes" : 3,
         "numHiddenOutputs" : 1,
         "numInputs" : 3,
         "outBase" : 5,
         "outRange" : 5,
         "whichInputs" : [ 0, 1, 2 ]
      }
   ]
}
