{
   "metadata" : {
      "creator" : "Rapid API C++",
      "inputNames" : [ "inputs-1", "inputs-2", "inputs-3" ],
      "numInputs" : 3,
      "numOutputs" : 1,
      "version" : "v0.1.1"
   },
   "modelSet" : [
      {
         "inBases" : [ 14.215713500976563, 5.1522092819213867, 0 ],
         "inRanges" : [ 179.17367553710938, 20.755167961120605, 1 ],
         "inputNames" : [ "inputs-1", "inputs-2", "inputs-3" ],
         "modelType" : "Neural Network",
         "nodes" : [
            {
               "Node 1" : 1.5952759510505179,
               "Node 2" : -1.602261618574887,
               "Node 3" : 2.5234714190673011,
               "Threshold" : 0.88107775324125726,
               "name" : "Linear Node 0"
            },
            {
               "Attrib inputs-1" : -0.90434271320339354,
               "Attrib inputs-2" : 1.6000943484187229,
               "Attrib inputs-3" : 0.46886777112423139,
               "Threshold" : -2.1120812746015716,
               "name" : "Sigmoid Node 1"
            },
            {
               "Attrib inputs-1" : 2.3290146193548402,
               "Attrib inputs-2" : 2.4811534050932265,
               "Attrib inputs-3" : -0.3116180239528189,
               "Threshold" : -2.7179359471316564,
               "name" : "Sigmoid Node 2"
            },
            {
               "Attrib inputs-1" : 3.8338849479506174,
               "Attrib inputs-2" : -3.7155596269229805,
               "Attrib inputs-3" : 0.22583896321188968,
               "Threshold" : -5.5649239588992767,
               "name" : "Sigmoid Node 3"
            }
         ],
         "numHiddenLayers" : 1,
         "numHiddenNodes" : 3,
         "numHiddenOutputs" : 1,
         "numInputs" : 3,
         "outBase" : 23,
         "outRange" : 13,
         "whichInputs" : [ 0, 1, 2 ]
      }
   ]
}
