{
   "metadata" : {
      "creator" : "Rapid API C++",
      "inputNames" : [ "inputs-1", "inputs-2", "inputs-3" ],
      "numInputs" : 3,
      "numOutputs" : 1,
      "version" : "v0.1.1"
   },
   "modelSet" : [
      {
         "inBases" : [ -46.999984741210938, 1.5000038146972656, 0 ],
         "inRanges" : [ 422.50001525878906, 73.500003814697266, 1 ],
         "inputNames" : [ "inputs-1", "inputs-2", "inputs-3" ],
         "modelType" : "Neural Network",
         "nodes" : [
            {
               "Node 1" : -0.63607431745939924,
               "Node 2" : 0.91917429473488643,
               "Node 3" : -1.8116949915829379,
               "Threshold" : -0.50619475059411045,
               "name" : "Linear Node 0"
            },
            {
               "Attrib inputs-1" : -0.63361106066404738,
               "Attrib inputs-2" : 0.85467084492562451,
               "Attrib inputs-3" : 0.46886777112423139,
               "Threshold" : -3.0157325571412232,
               "name" : "Sigmoid Node 1"
            },
            {
               "Attrib inputs-1" : 0.75961575757529554,
               "Attrib inputs-2" : 11.655016101817553,
               "Attrib inputs-3" : -0.3116180239528189,
               "Threshold" : 4.404930125779063,
               "name" : "Sigmoid Node 2"
            },
            {
               "Attrib inputs-1" : 3.4279962447245236,
               "Attrib inputs-2" : 4.0600858605988543,
               "Attrib inputs-3" : 0.22583896321188968,
               "Threshold" : -2.3917641544067019,
               "name" : "Sigmoid Node 3"
            }
         ],
         "numHiddenLayers" : 1,
         "numHiddenNodes" : 3,
         "numHiddenOutputs" : 1,
         "numInputs" : 3,
         "outBase" : 4,
         "outRange" : 3,
         "whichInputs" : [ 0, 1, 2 ]
      }
   ]
}
