{
   "metadata" : {
      "creator" : "Rapid API C++",
      "inputNames" : [ "inputs-1", "inputs-2", "inputs-3" ],
      "numInputs" : 3,
      "numOutputs" : 1,
      "version" : "v0.1.1"
   },
   "modelSet" : [
      {
         "inBases" : [ -1.2410209178924561, 1.0381851196289063, 1 ],
         "inRanges" : [ 5.4795873165130615, 4.1049180030822754, 1 ],
         "inputNames" : [ "inputs-1", "inputs-2", "inputs-3" ],
         "modelType" : "Neural Network",
         "nodes" : [
            {
               "Node 1" : -0.83143480408999137,
               "Node 2" : 1.1064334223697241,
               "Node 3" : 1.5810483256994539,
               "Threshold" : -0.96836790930957584,
               "name" : "Linear Node 0"
            },
            {
               "Attrib inputs-1" : 0.031767562347680002,
               "Attrib inputs-2" : -0.86415104917045049,
               "Attrib inputs-3" : 0.46886777112423139,
               "Threshold" : -0.40757574138372321,
               "name" : "Sigmoid Node 1"
            },
            {
               "Attrib inputs-1" : -0.31749787787295969,
               "Attrib inputs-2" : 1.221965468526961,
               "Attrib inputs-3" : -0.3116180239528189,
               "Threshold" : 0.083424621492682607,
               "name" : "Sigmoid Node 2"
            },
            {
               "Attrib inputs-1" : 0.58938261138150505,
               "Attrib inputs-2" : 1.8578223245850061,
               "Attrib inputs-3" : 0.22583896321188968,
               "Threshold" : -0.3201997358753651,
               "name" : "Sigmoid Node 3"
            }
         ],
         "numHiddenLayers" : 1,
         "numHiddenNodes" : 3,
         "numHiddenOutputs" : 1,
         "numInputs" : 3,
         "outBase" : 83,
         "outRange" : 17,
         "whichInputs" : [ 0, 1, 2 ]
      }
   ]
}
