{
   "metadata" : {
      "creator" : "Rapid API C++",
      "inputNames" : [
         "inputs-1",
         "inputs-2",
         "inputs-3",
         "inputs-4",
         "inputs-5",
         "inputs-6",
         "inputs-7",
         "inputs-8",
         "inputs-9",
         "inputs-1",
         "inputs-2",
         "inputs-3",
         "inputs-4",
         "inputs-5",
         "inputs-6",
         "inputs-7",
         "inputs-8",
         "inputs-9",
         "inputs-1",
         "inputs-2",
         "inputs-3",
         "inputs-4",
         "inputs-5",
         "inputs-6",
         "inputs-7",
         "inputs-8",
         "inputs-9"
      ],
      "numInputs" : 9,
      "numOutputs" : 1,
      "version" : "v0.1.1"
   },
   "modelSet" : [
      {
         "inBases" : [
            -0.67062067985534668,
            1.2226462364196777,
            -0.37077605724334717,
            -0.69730472564697266,
            0.99715501070022583,
            -0.65591955184936523,
            -1.0693541765213013,
            0.93103337287902832,
            -0.59878692030906677
         ],
         "inRanges" : [
            0.11761844158172607,
            0.4602348804473877,
            0.025044679641723633,
            0.050310730934143066,
            0.66402548551559448,
            0.090858995914459229,
            0.068733692169189453,
            0.68979072570800781,
            0.16869547963142395
         ],
         "inputNames" : [
            "inputs-1",
            "inputs-2",
            "inputs-3",
            "inputs-4",
            "inputs-5",
            "inputs-6",
            "inputs-7",
            "inputs-8",
            "inputs-9",
            "inputs-1",
            "inputs-2",
            "inputs-3",
            "inputs-4",
            "inputs-5",
            "inputs-6",
            "inputs-7",
            "inputs-8",
            "inputs-9",
            "inputs-1",
            "inputs-2",
            "inputs-3",
            "inputs-4",
            "inputs-5",
            "inputs-6",
            "inputs-7",
            "inputs-8",
            "inputs-9"
         ],
         "modelType" : "Neural Network",
         "nodes" : [
            {
               "Node 1" : -0.11540788482442259,
               "Node 2" : -0.29729051477187862,
               "Node 3" : 0.25470085915747381,
               "Node 4" : -0.44089640915277095,
               "Node 5" : 1.0363804336292946,
               "Node 6" : -0.38368009092427724,
               "Node 7" : -0.48823056938868953,
               "Node 8" : 0.07816966049131617,
               "Node 9" : 0.1731900520329176,
               "Threshold" : 0.043292990978737886,
               "name" : "Linear Node 0"
            },
            {
               "Attrib inputs-1" : -0.27318525880426542,
               "Attrib inputs-2" : 0.48314203451943016,
               "Attrib inputs-3" : 0.4201650551712024,
               "Attrib inputs-4" : -0.21252183611976427,
               "Attrib inputs-5" : -0.025218330134955971,
               "Attrib inputs-6" : -0.0046622112002486869,
               "Attrib inputs-7" : -0.36452904903806577,
               "Attrib inputs-8" : 0.66874902421344906,
               "Attrib inputs-9" : 0.34823659332959261,
               "Threshold" : 0.42906743183890717,
               "name" : "Sigmoid Node 1"
            },
            {
               "Attrib inputs-1" : 0.19441239688883863,
               "Attrib inputs-2" : 0.61638485762834549,
               "Attrib inputs-3" : -0.42828422315721487,
               "Attrib inputs-4" : 0.12739616772697021,
               "Attrib inputs-5" : 0.011986170859400087,
               "Attrib inputs-6" : -0.41667603500528633,
               "Attrib inputs-7" : -0.1601569361070673,
               "Attrib inputs-8" : 0.38313152289750307,
               "Attrib inputs-9" : 0.24937980115090772,
               "Threshold" : 0.059942222749627072,
               "name" : "Sigmoid Node 2"
            },
            {
               "Attrib inputs-1" : 0.32476803165382168,
               "Attrib inputs-2" : -0.26035341710363141,
               "Attrib inputs-3" : -0.12933741655180764,
               "Attrib inputs-4" : 0.22843169385886464,
               "Attrib inputs-5" : -0.28143459967275719,
               "Attrib inputs-6" : 0.24518057408604824,
               "Attrib inputs-7" : -0.11547351920647583,
               "Attrib inputs-8" : -0.27101471305563152,
               "Attrib inputs-9" : -0.13771376889529882,
               "Threshold" : -0.21252244752076263,
               "name" : "Sigmoid Node 3"
            },
            {
               "Attrib inputs-1" : 0.40143165334779968,
               "Attrib inputs-2" : 0.034302870463317821,
               "Attrib inputs-3" : 0.29058899754848155,
               "Attrib inputs-4" : -0.28373422958156463,
               "Attrib inputs-5" : 0.76779279408826939,
               "Attrib inputs-6" : 0.32399952351044981,
               "Attrib inputs-7" : -0.3393841084323358,
               "Attrib inputs-8" : 0.55383908461536846,
               "Attrib inputs-9" : -0.1958365029629647,
               "Threshold" : 0.17861336489478641,
               "name" : "Sigmoid Node 4"
            },
            {
               "Attrib inputs-1" : -0.47902756702043037,
               "Attrib inputs-2" : -0.89764854668660832,
               "Attrib inputs-3" : -0.32909321285898535,
               "Attrib inputs-4" : -0.22449665615187878,
               "Attrib inputs-5" : -0.78030138635378654,
               "Attrib inputs-6" : -0.23875869070348724,
               "Attrib inputs-7" : -0.17425218037824208,
               "Attrib inputs-8" : -0.4585708989799504,
               "Attrib inputs-9" : 0.73651231540490703,
               "Threshold" : -0.25028207935412028,
               "name" : "Sigmoid Node 5"
            },
            {
               "Attrib inputs-1" : 0.22284949088504102,
               "Attrib inputs-2" : -0.25137995538250135,
               "Attrib inputs-3" : 0.041163879188489925,
               "Attrib inputs-4" : 0.071252546367553779,
               "Attrib inputs-5" : 0.28421038986261321,
               "Attrib inputs-6" : 0.26176559403750549,
               "Attrib inputs-7" : 0.14294021059281442,
               "Attrib inputs-8" : 0.72956739377062585,
               "Attrib inputs-9" : 0.011119033683874657,
               "Threshold" : -0.47046291867987378,
               "name" : "Sigmoid Node 6"
            },
            {
               "Attrib inputs-1" : 0.43063510152194584,
               "Attrib inputs-2" : 0.57222825822369427,
               "Attrib inputs-3" : 0.37391508524441447,
               "Attrib inputs-4" : -0.085356824555341312,
               "Attrib inputs-5" : 0.23093531197188011,
               "Attrib inputs-6" : 0.14686336430288841,
               "Attrib inputs-7" : -0.2782892226625473,
               "Attrib inputs-8" : 0.59310724661668945,
               "Attrib inputs-9" : -0.4233083602266724,
               "Threshold" : 0.4196381585754238,
               "name" : "Sigmoid Node 7"
            },
            {
               "Attrib inputs-1" : 0.52024625845746597,
               "Attrib inputs-2" : -0.18028147552844967,
               "Attrib inputs-3" : -0.1041644464041937,
               "Attrib inputs-4" : -0.4197850620305405,
               "Attrib inputs-5" : -0.30829715568370208,
               "Attrib inputs-6" : 0.37482626654915135,
               "Attrib inputs-7" : 0.30080125477647646,
               "Attrib inputs-8" : 0.42143548132735487,
               "Attrib inputs-9" : 0.3186502537351999,
               "Threshold" : 0.45112955077827199,
               "name" : "Sigmoid Node 8"
            },
            {
               "Attrib inputs-1" : -0.41833190474358717,
               "Attrib inputs-2" : 0.16303028333489816,
               "Attrib inputs-3" : 0.15908331876687704,
               "Attrib inputs-4" : 0.26896770839390444,